{"stat.useItem.minecraft.bow":2,"stat.walkOneCm":148235,"stat.useItem.minecraft.chest":1,"stat.leaveGame":32,"stat.useItem.minecraft.log":4,"stat.useItem.minecraft.beacon":1,"stat.useItem.minecraft.bookshelf":1,"stat.useItem.minecraft.potion":1,"stat.jump":803,"stat.useItem.minecraft.sand":37,"stat.useItem.minecraft.planks":72,"stat.fallOneCm":2524,"stat.crouchOneCm":10355,"stat.enderchestOpened":5,"stat.sprintOneCm":106113,"achievement.exploreAllBiomes":{"value":0,"progress":["Beach","Plains"]},"achievement.openInventory":56,"stat.damageTaken":10,"stat.useItem.minecraft.hopper":4,"stat.flyOneCm":790936,"stat.useItem.minecraft.ender_pearl":2,"stat.deaths":1,"stat.useItem.minecraft.end_portal_frame":1,"stat.drop":1,"stat.playOneMinute":649204,"stat.useItem.minecraft.enchanting_table":1,"stat.useItem.minecraft.wool":7,"stat.timeSinceDeath":354997,"stat.useItem.minecraft.jukebox":1}